{"cameraMode":{"drawMode":0,"name":"Shaded","section":"Shading Mode"},"sceneLighting":true,"audioPlay":false,"sceneViewState":{"showFog":true,"showMaterialUpdate":false,"showSkybox":true,"showFlares":true,"showImageEffects":true,"showParticleSystems":true},"in2DMode":false,"pivot":{"x":-1.6912546157836915,"y":1.6952934265136719,"z":2.005051612854004},"rotation":{"x":0.39490973949432375,"y":-0.5989711284637451,"z":0.5447264313697815,"w":0.43424707651138308},"size":16.41834831237793,"orthographic":false}