{"cameraMode":{"drawMode":0,"name":"Shaded","section":"Shading Mode"},"sceneLighting":true,"audioPlay":false,"sceneViewState":{"showFog":true,"showMaterialUpdate":false,"showSkybox":true,"showFlares":true,"showImageEffects":true,"showParticleSystems":true},"in2DMode":false,"pivot":{"x":1.697676420211792,"y":2.0632238388061525,"z":-1.826392650604248},"rotation":{"x":0.11434099823236466,"y":-0.7298280000686646,"z":0.12602998316287995,"w":0.6621218323707581},"size":6.663543224334717,"orthographic":false}