{"cameraMode":{"drawMode":0,"name":"Shaded","section":"Shading Mode"},"sceneLighting":true,"audioPlay":false,"sceneViewState":{"showFog":true,"showMaterialUpdate":false,"showSkybox":true,"showFlares":true,"showImageEffects":true,"showParticleSystems":true},"in2DMode":false,"pivot":{"x":1.9398479461669922,"y":2.572683095932007,"z":1.6449549198150635},"rotation":{"x":0.1495872139930725,"y":-0.7791607975959778,"z":0.20310619473457337,"w":0.5738396644592285},"size":2.879262685775757,"orthographic":false}