{"cameraMode":{"drawMode":0,"name":"Shaded","section":"Shading Mode"},"sceneLighting":true,"audioPlay":false,"sceneViewState":{"showFog":true,"showMaterialUpdate":false,"showSkybox":true,"showFlares":true,"showImageEffects":true,"showParticleSystems":true},"in2DMode":false,"pivot":{"x":13.997090339660645,"y":15.029489517211914,"z":-42.06294250488281},"rotation":{"x":0.023993022739887239,"y":0.019798481836915017,"z":0.00047487139818258584,"w":-0.999518871307373},"size":4.687911033630371,"orthographic":false}