{"cameraMode":{"drawMode":0,"name":"Shaded","section":"Shading Mode"},"sceneLighting":true,"audioPlay":false,"sceneViewState":{"showFog":true,"showMaterialUpdate":false,"showSkybox":true,"showFlares":true,"showImageEffects":true,"showParticleSystems":true},"in2DMode":false,"pivot":{"x":13.77208423614502,"y":3.4672718048095705,"z":10.320322036743164},"rotation":{"x":0.10596106946468353,"y":0.1823863536119461,"z":-0.019776254892349244,"w":0.9773076772689819},"size":22.251447677612306,"orthographic":false}